<?xml version="1.0" encoding="UTF-8" ?>
<!DOCTYPE struts PUBLIC
        "-//Apache Software Foundation//DTD Struts Configuration 2.3//EN"
        "http://struts.apache.org/dtds/struts-2.3.dtd">

<struts>
    <constant name="struts.devMode" value="true" />
    <package name="S2-001" extends="struts-default">
        <action name="login" class="com.yq1ng.action.LoginAction">
            <result name="success">/welcome.jsp</result>
            <result name="error">/index.jsp</result>
        </action>
    </package>

</struts>